{
  "POST /api/books" : {
    "transaction" : "POST /api/books",
    "sampleCount" : 125,
    "errorCount" : 0,
    "errorPct" : 0.0,
    "meanResTime" : 22.856000000000005,
    "medianResTime" : 22.0,
    "minResTime" : 15.0,
    "maxResTime" : 70.0,
    "pct1ResTime" : 26.0,
    "pct2ResTime" : 34.099999999999966,
    "pct3ResTime" : 67.91999999999996,
    "throughput" : 13.045293258192444,
    "receivedKBytesPerSec" : 3.957412009496973,
    "sentKBytesPerSec" : 5.078491898872886
  },
  "Total" : {
    "transaction" : "Total",
    "sampleCount" : 375,
    "errorCount" : 0,
    "errorPct" : 0.0,
    "meanResTime" : 12.399999999999991,
    "medianResTime" : 11.0,
    "minResTime" : 1.0,
    "maxResTime" : 70.0,
    "pct1ResTime" : 23.0,
    "pct2ResTime" : 25.19999999999999,
    "pct3ResTime" : 53.48000000000002,
    "throughput" : 38.88024883359253,
    "receivedKBytesPerSec" : 231.72527054173148,
    "sentKBytesPerSec" : 9.032064055209954
  },
  "GET /api/books" : {
    "transaction" : "GET /api/books",
    "sampleCount" : 125,
    "errorCount" : 0,
    "errorPct" : 0.0,
    "meanResTime" : 10.728000000000002,
    "medianResTime" : 11.0,
    "minResTime" : 5.0,
    "maxResTime" : 36.0,
    "pct1ResTime" : 14.0,
    "pct2ResTime" : 15.0,
    "pct3ResTime" : 31.579999999999913,
    "throughput" : 13.133011136793444,
    "receivedKBytesPerSec" : 229.03766219268752,
    "sentKBytesPerSec" : 2.013557371559151
  },
  "GET /api/health" : {
    "transaction" : "GET /api/health",
    "sampleCount" : 125,
    "errorCount" : 0,
    "errorPct" : 0.0,
    "meanResTime" : 3.616,
    "medianResTime" : 3.0,
    "minResTime" : 1.0,
    "maxResTime" : 53.0,
    "pct1ResTime" : 4.400000000000006,
    "pct2ResTime" : 5.0,
    "pct3ResTime" : 41.039999999999765,
    "throughput" : 12.991062149241321,
    "receivedKBytesPerSec" : 1.776121778216587,
    "sentKBytesPerSec" : 2.0044802925587195
  }
}