{
  "POST /api/books" : {
    "transaction" : "POST /api/books",
    "sampleCount" : 125,
    "errorCount" : 0,
    "errorPct" : 0.0,
    "meanResTime" : 12.423999999999998,
    "medianResTime" : 12.0,
    "minResTime" : 8.0,
    "maxResTime" : 28.0,
    "pct1ResTime" : 15.0,
    "pct2ResTime" : 17.0,
    "pct3ResTime" : 25.659999999999954,
    "throughput" : 13.228913112498677,
    "receivedKBytesPerSec" : 4.0131148137369035,
    "sentKBytesPerSec" : 5.149974534342259
  },
  "Total" : {
    "transaction" : "Total",
    "sampleCount" : 375,
    "errorCount" : 0,
    "errorPct" : 0.0,
    "meanResTime" : 7.143999999999998,
    "medianResTime" : 6.0,
    "minResTime" : 1.0,
    "maxResTime" : 90.0,
    "pct1ResTime" : 13.0,
    "pct2ResTime" : 14.0,
    "pct3ResTime" : 21.160000000000082,
    "throughput" : 39.28346951602765,
    "receivedKBytesPerSec" : 238.4071821639954,
    "sentKBytesPerSec" : 9.125734109836582
  },
  "GET /api/books" : {
    "transaction" : "GET /api/books",
    "sampleCount" : 125,
    "errorCount" : 0,
    "errorPct" : 0.0,
    "meanResTime" : 5.911999999999999,
    "medianResTime" : 6.0,
    "minResTime" : 3.0,
    "maxResTime" : 37.0,
    "pct1ResTime" : 7.0,
    "pct2ResTime" : 8.699999999999989,
    "pct3ResTime" : 29.979999999999862,
    "throughput" : 13.264006791171477,
    "receivedKBytesPerSec" : 235.6563237810378,
    "sentKBytesPerSec" : 2.033641666224533
  },
  "GET /api/health" : {
    "transaction" : "GET /api/health",
    "sampleCount" : 125,
    "errorCount" : 0,
    "errorPct" : 0.0,
    "meanResTime" : 3.095999999999999,
    "medianResTime" : 2.0,
    "minResTime" : 1.0,
    "maxResTime" : 90.0,
    "pct1ResTime" : 4.0,
    "pct2ResTime" : 5.0,
    "pct3ResTime" : 68.15999999999957,
    "throughput" : 13.11234658554495,
    "receivedKBytesPerSec" : 1.7927036347424736,
    "sentKBytesPerSec" : 2.023194102066506
  }
}